10d7ce2f43e35fa57d1bbf8b1a3, 2014-04-30T13:15:54, 10.00
10d7ce2f43e35fa57d1bbf8b1a3, 2014-04-30T13:15:54, 10.00
10d7ce2f43e35fa57d1bbf8b1a3, 2014-04-30T13:15:54, 10.00
10d7ce2f43e35fa57d1bbf8b1a3, 2014-04-30T13:15:54, 10.00
10d7ce2f43e35fa57d1bbf8b1a3, 2014-04-30T13:15:54, 10.00
10d7ce2f43e35fa57d1bbf8b1a3, 2014-04-30T13:15:54, 10.00
10d7ce2f43e35fa57d1bbf8b1a3, 2014-04-30T13:15:54, 10.00
10d7ce2f43e35fa57d1bbf8b1a3, 2014-04-30T13:15:54, 10.00
10d7ce2f43e35fa57d1bbf8b1a3, 2014-04-30T13:15:54, 10.00
10d7ce2f43e35fa57d1bbf8b1a3, 2014-04-29T13:15:54, 10.00
10d7ce2f43e35fa57d1bbf8b1a3, 2014-04-29T13:15:54, 10.00
10d7ce2f43e35fa57d1bbf8b1e2, 2014-04-29T13:15:54, 10.00
10d7ce2f43e35fa57d1bbf8b1e2, 2014-04-29T13:15:54, 10.00
10d7ce2f43e35fa57d1bbf8b1e2, 2014-04-29T13:15:54, 10.00
10d7ce2f43e35fa57d1bbf8b1e2, 2014-04-29T13:15:54, 10.00
10d7ce2f43e35fa57d1bbf8b1e2, 2014-04-29T13:15:54, 10.00
10d7ce2f43e35fa57d1bbf8b1b5, 2014-04-29T13:15:54, 10.00
10d7ce2f43e35fa57d1bbf8b1b5, 2014-04-29T13:15:54, 10.00
10d7ce2f43e35fa57d1bbf8b1b5, 2014-04-29T13:15:54, 10.00
10d7ce2f43e35fa57d1bbf8b1b5, 2014-04-27T13:15:54, 10.00
10d7ce2f43e35fa57d1bbf8b1b5, 2014-04-27T13:15:54, 10.00
10d7ce2f43e35fa57d1bbf8b1b5, 2014-04-27T13:15:54, 10.00
10d7ce2f43e35fa57d1bbf8b1c7, 2014-04-27T13:15:54, 10.00
10d7ce2f43e35fa57d1bbf8b1c7, 2014-04-27T13:15:54, 10.00
10d7ce2f43e35fa57d1bbf8b1c7, 2014-04-29T13:15:54, 10.00
10d7ce2f43e35fa57d1bbf8b1c7, 2014-04-29T13:15:54, 10.00
10d7ce2f43e35fa57d1bbf8b1c7, 2014-04-29T13:15:54, 10.00
10d7ce2f43e35fa57d1bbf8b1c7, 2014-04-29T13:15:54, 10.00